Date,Roti Amount,Basmathi rice Amount,Samba rice Amount,Cooking oil Amount,Chicken Amount,Fish Amount,Prawns Amount,Cuttlefish Amount,Egg Amount,Salt Amount,Pepper Amount,Chilie flakes Amount,Sausage Amount,Cheese Amount,Fresh milk Amount,Carrot Amount,Leeks Amount,Cabage Amount,Pinnaple Amount,Sesame oil Amount,Tomato ketchup Amount,Dark sauce Amount,Oyster sauce Amount,Roti Amount (Unit),Basmathi rice Amount (Unit),Samba rice Amount (Unit),Cooking oil Amount (Unit),Chicken Amount (Unit),Fish Amount (Unit),Prawns Amount (Unit),Cuttlefish Amount (Unit),Egg Amount (Unit),Salt Amount (Unit),Pepper Amount (Unit),Chilie flakes Amount (Unit),Sausage Amount (Unit),Cheese Amount (Unit),Fresh milk Amount (Unit),Carrot Amount (Unit),Leeks Amount (Unit),Cabage Amount (Unit),Pinnaple Amount (Unit),Sesame oil Amount (Unit),Tomato ketchup Amount (Unit),Dark sauce Amount (Unit),Oyster sauce Amount (Unit)
2024-01-07,212.0,300.0,385.0,100.0,150.0,30.0,30.0,30.0,5900,120.0,130.0,100.0,1500,340,20.0,50.0,75.0,20.0,3.0,70.0,20.0,6.0,6.0,kg,kg,kg,L,kg,kg,kg,kg,,kg,kg,kg,,,L,kg,kg,kg,kg,L,L,L,L
2024-01-10,207.0,0.0,0.0,0.0,0.0,0.0,0.0,0.0,0,0.0,0.0,0.0,0,0,0.0,0.0,0.0,0.0,0.0,0.0,0.0,0.0,0.0,kg,,,,,,,,,,,,,,,,,,,,,,
2024-01-13,205.0,0.0,0.0,0.0,0.0,0.0,0.0,0.0,0,0.0,0.0,0.0,0,0,0.0,0.0,0.0,0.0,0.0,0.0,0.0,0.0,0.0,kg,,,,,,,,,,,,,,,,,,,,,,
2024-01-14,0.0,320.0,370.0,100.0,200.0,40.0,40.0,28.0,5700,0.0,0.0,0.0,1500,0,0.0,55.0,75.0,25.0,2.0,0.0,0.0,0.0,0.0,,kg,kg,L,kg,kg,kg,kg,,,,,,,,kg,kg,kg,kg,,,,
2024-01-16,198.0,0.0,0.0,0.0,0.0,0.0,0.0,0.0,0,0.0,0.0,0.0,0,0,0.0,0.0,0.0,0.0,0.0,0.0,0.0,0.0,0.0,kg,,,,,,,,,,,,,,,,,,,,,,
2024-01-19,224.0,0.0,0.0,0.0,0.0,0.0,0.0,0.0,0,0.0,0.0,0.0,0,0,0.0,0.0,0.0,0.0,0.0,0.0,0.0,0.0,0.0,kg,,,,,,,,,,,,,,,,,,,,,,
2024-01-21,0.0,400.0,400.0,90.0,150.0,30.0,30.0,30.0,6000,0.0,0.0,0.0,1700,0,0.0,60.0,80.0,30.0,4.0,0.0,0.0,0.0,0.0,,kg,kg,L,kg,kg,kg,kg,,,,,,,,kg,kg,kg,kg,,,,
2024-01-22,198.0,0.0,0.0,0.0,0.0,0.0,0.0,0.0,0,0.0,0.0,0.0,0,0,0.0,0.0,0.0,0.0,0.0,0.0,0.0,0.0,0.0,kg,,,,,,,,,,,,,,,,,,,,,,
2024-01-25,200.0,0.0,0.0,0.0,0.0,0.0,0.0,0.0,0,0.0,0.0,0.0,0,0,0.0,0.0,0.0,0.0,0.0,0.0,0.0,0.0,0.0,kg,,,,,,,,,,,,,,,,,,,,,,
2024-01-28,216.0,355.0,395.0,100.0,150.0,30.0,32.0,28.0,5810,0.0,0.0,0.0,1470,0,0.0,50.0,75.0,25.0,2.0,0.0,0.0,0.0,0.0,kg,kg,kg,L,kg,kg,kg,kg,,,,,,,,kg,kg,kg,kg,,,,
2024-01-31,207.0,0.0,0.0,0.0,0.0,0.0,0.0,0.0,0,0.0,0.0,0.0,0,0,0.0,0.0,0.0,0.0,0.0,0.0,0.0,0.0,0.0,kg,,,,,,,,,,,,,,,,,,,,,,
2024-02-03,225.0,0.0,0.0,0.0,0.0,0.0,0.0,0.0,0,0.0,0.0,0.0,0,0,0.0,0.0,0.0,0.0,0.0,0.0,0.0,0.0,0.0,kg,,,,,,,,,,,,,,,,,,,,,,
2024-02-04,0.0,345.0,360.0,120.0,130.0,40.0,35.0,30.0,5600,100.0,115.0,110.0,1450,280,16.0,45.0,70.0,20.0,1.0,60.0,16.0,4.0,5.0,,kg,kg,L,kg,kg,kg,kg,,kg,kg,kg,,,L,kg,kg,kg,kg,L,L,L,L
2024-02-06,195.0,0.0,0.0,0.0,0.0,0.0,0.0,0.0,0,0.0,0.0,0.0,0,0,0.0,0.0,0.0,0.0,0.0,0.0,0.0,0.0,0.0,kg,,,,,,,,,,,,,,,,,,,,,,
2024-02-09,210.0,0.0,0.0,0.0,0.0,0.0,0.0,0.0,0,0.0,0.0,0.0,0,0,0.0,0.0,0.0,0.0,0.0,0.0,0.0,0.0,0.0,kg,,,,,,,,,,,,,,,,,,,,,,
2024-02-11,0.0,320.0,375.0,80.0,160.0,35.0,40.0,35.0,5800,0.0,0.0,0.0,1600,0,0.0,55.0,77.0,25.0,3.0,0.0,0.0,0.0,0.0,,kg,kg,L,kg,kg,kg,kg,,,,,,,,kg,kg,kg,kg,,,,
2024-02-12,202.0,0.0,0.0,0.0,0.0,0.0,0.0,0.0,0,0.0,0.0,0.0,0,0,0.0,0.0,0.0,0.0,0.0,0.0,0.0,0.0,0.0,kg,,,,,,,,,,,,,,,,,,,,,,
2024-02-15,205.0,0.0,0.0,0.0,0.0,0.0,0.0,0.0,0,0.0,0.0,0.0,0,0,0.0,0.0,0.0,0.0,0.0,0.0,0.0,0.0,0.0,kg,,,,,,,,,,,,,,,,,,,,,,
2024-02-18,211.0,360.0,390.0,90.0,180.0,30.0,30.0,30.0,5700,0.0,0.0,0.0,1500,0,0.0,50.0,68.0,30.0,2.0,0.0,0.0,0.0,0.0,kg,kg,kg,L,kg,kg,kg,kg,,,,,,,,kg,kg,kg,kg,,,,
2024-02-21,150.0,0.0,0.0,0.0,0.0,0.0,0.0,0.0,0,0.0,0.0,0.0,0,0,0.0,0.0,0.0,0.0,0.0,0.0,0.0,0.0,0.0,kg,,,,,,,,,,,,,,,,,,,,,,
2024-02-24,206.0,0.0,0.0,0.0,0.0,0.0,0.0,0.0,0,0.0,0.0,0.0,0,0,0.0,0.0,0.0,0.0,0.0,0.0,0.0,0.0,0.0,kg,,,,,,,,,,,,,,,,,,,,,,
2024-02-25,0.0,330.0,375.0,100.0,150.0,50.0,45.0,30.0,6000,0.0,0.0,0.0,1700,0,0.0,60.0,85.0,40.0,4.0,0.0,0.0,0.0,0.0,,kg,kg,L,kg,kg,kg,kg,,,,,,,,kg,kg,kg,kg,,,,
2024-02-27,215.0,0.0,0.0,0.0,0.0,0.0,0.0,0.0,0,0.0,0.0,0.0,0,0,0.0,0.0,0.0,0.0,0.0,0.0,0.0,0.0,0.0,kg,,,,,,,,,,,,,,,,,,,,,,
2024-03-01,190.0,0.0,0.0,0.0,0.0,0.0,0.0,0.0,0,0.0,0.0,0.0,0,0,0.0,0.0,0.0,0.0,0.0,0.0,0.0,0.0,0.0,kg,,,,,,,,,,,,,,,,,,,,,,
2024-03-03,0.0,390.0,370.0,110.0,150.0,30.0,40.0,25.0,5800,130.0,130.0,120.0,1500,400,30.0,45.0,70.0,35.0,2.0,90.0,40.0,8.0,10.0,,kg,kg,L,kg,kg,kg,kg,,kg,kg,kg,,,L,kg,kg,kg,kg,L,L,L,L
2024-03-04,205.0,0.0,0.0,0.0,0.0,0.0,0.0,0.0,0,0.0,0.0,0.0,0,0,0.0,0.0,0.0,0.0,0.0,0.0,0.0,0.0,0.0,kg,,,,,,,,,,,,,,,,,,,,,,
2024-03-07,210.0,0.0,0.0,0.0,0.0,0.0,0.0,0.0,0,0.0,0.0,0.0,0,0,0.0,0.0,0.0,0.0,0.0,0.0,0.0,0.0,0.0,kg,,,,,,,,,,,,,,,,,,,,,,
2024-03-10,200.0,300.0,355.0,90.0,160.0,35.0,30.0,25.0,5700,0.0,0.0,0.0,1600,0,0.0,50.0,75.0,30.0,2.0,0.0,0.0,0.0,0.0,kg,kg,kg,L,kg,kg,kg,kg,,,,,,,,kg,kg,kg,kg,,,,
2024-03-13,205.0,0.0,0.0,0.0,0.0,0.0,0.0,0.0,0,0.0,0.0,0.0,0,0,0.0,0.0,0.0,0.0,0.0,0.0,0.0,0.0,0.0,kg,,,,,,,,,,,,,,,,,,,,,,
2024-03-16,200.0,0.0,0.0,0.0,0.0,0.0,0.0,0.0,0,0.0,0.0,0.0,0,0,0.0,0.0,0.0,0.0,0.0,0.0,0.0,0.0,0.0,kg,,,,,,,,,,,,,,,,,,,,,,
2024-03-17,0.0,350.0,375.0,80.0,140.0,30.0,32.0,30.0,5750,0.0,0.0,0.0,1650,0,0.0,55.0,77.0,30.0,3.0,0.0,0.0,0.0,0.0,,kg,kg,L,kg,kg,kg,kg,,,,,,,,kg,kg,kg,kg,,,,
2024-03-19,190.0,0.0,0.0,0.0,0.0,0.0,0.0,0.0,0,0.0,0.0,0.0,0,0,0.0,0.0,0.0,0.0,0.0,0.0,0.0,0.0,0.0,kg,,,,,,,,,,,,,,,,,,,,,,
2024-03-22,160.0,0.0,0.0,0.0,0.0,0.0,0.0,0.0,0,0.0,0.0,0.0,0,0,0.0,0.0,0.0,0.0,0.0,0.0,0.0,0.0,0.0,kg,,,,,,,,,,,,,,,,,,,,,,
2024-03-24,0.0,370.0,390.0,120.0,200.0,60.0,45.0,35.0,5800,0.0,0.0,0.0,1700,0,0.0,55.0,77.0,40.0,7.0,0.0,0.0,0.0,0.0,,kg,kg,L,kg,kg,kg,kg,,,,,,,,kg,kg,kg,kg,,,,
2024-03-25,210.0,0.0,0.0,0.0,0.0,0.0,0.0,0.0,0,0.0,0.0,0.0,0,0,0.0,0.0,0.0,0.0,0.0,0.0,0.0,0.0,0.0,kg,,,,,,,,,,,,,,,,,,,,,,
2024-03-28,210.0,0.0,0.0,0.0,0.0,0.0,0.0,0.0,0,0.0,0.0,0.0,0,0,0.0,0.0,0.0,0.0,0.0,0.0,0.0,0.0,0.0,kg,,,,,,,,,,,,,,,,,,,,,,
2024-03-31,220.0,450.0,420.0,130.0,200.0,60.0,70.0,50.0,6500,0.0,0.0,0.0,2400,0,0.0,80.0,82.0,60.0,7.0,0.0,0.0,0.0,0.0,kg,kg,kg,L,kg,kg,kg,kg,,,,,,,,kg,kg,kg,kg,,,,
2024-04-03,230.0,0.0,0.0,0.0,0.0,0.0,0.0,0.0,0,0.0,0.0,0.0,0,0,0.0,0.0,0.0,0.0,0.0,0.0,0.0,0.0,0.0,kg,,,,,,,,,,,,,,,,,,,,,,
2024-04-06,270.0,0.0,0.0,0.0,0.0,0.0,0.0,0.0,0,0.0,0.0,0.0,0,0,0.0,0.0,0.0,0.0,0.0,0.0,0.0,0.0,0.0,kg,,,,,,,,,,,,,,,,,,,,,,
2024-04-07,0.0,400.0,400.0,110.0,210.0,65.0,70.0,50.0,6500,90.0,130.0,125.0,2400,370,30.0,80.0,77.0,55.0,8.0,80.0,40.0,8.0,10.0,,kg,kg,L,kg,kg,kg,kg,,kg,kg,kg,,,L,kg,kg,kg,kg,L,L,L,L
2024-04-09,280.0,0.0,0.0,0.0,0.0,0.0,0.0,0.0,0,0.0,0.0,0.0,0,0,0.0,0.0,0.0,0.0,0.0,0.0,0.0,0.0,0.0,kg,,,,,,,,,,,,,,,,,,,,,,
2024-04-15,150.0,0.0,0.0,0.0,0.0,0.0,0.0,0.0,0,0.0,0.0,0.0,0,0,0.0,0.0,0.0,0.0,0.0,0.0,0.0,0.0,0.0,kg,,,,,,,,,,,,,,,,,,,,,,
2024-04-18,190.0,0.0,0.0,0.0,0.0,0.0,0.0,0.0,0,0.0,0.0,0.0,0,0,0.0,0.0,0.0,0.0,0.0,0.0,0.0,0.0,0.0,kg,,,,,,,,,,,,,,,,,,,,,,
2024-04-21,130.0,320.0,350.0,90.0,150.0,40.0,30.0,35.0,5500,0.0,0.0,0.0,1500,0,0.0,45.0,65.0,35.0,5.0,0.0,0.0,0.0,0.0,kg,kg,kg,L,kg,kg,kg,kg,,,,,,,,kg,kg,kg,kg,,,,
2024-04-24,208.0,0.0,0.0,0.0,0.0,0.0,0.0,0.0,0,0.0,0.0,0.0,0,0,0.0,0.0,0.0,0.0,0.0,0.0,0.0,0.0,0.0,kg,,,,,,,,,,,,,,,,,,,,,,
2024-04-27,220.0,0.0,0.0,0.0,0.0,0.0,0.0,0.0,0,0.0,0.0,0.0,0,0,0.0,0.0,0.0,0.0,0.0,0.0,0.0,0.0,0.0,kg,,,,,,,,,,,,,,,,,,,,,,
2024-04-28,0.0,350.0,350.0,90.0,160.0,35.0,35.0,35.0,5800,0.0,0.0,0.0,1650,0,0.0,55.0,70.0,40.0,2.0,0.0,0.0,0.0,0.0,,kg,kg,L,kg,kg,kg,kg,,,,,,,,kg,kg,kg,kg,,,,
2024-04-30,200.0,0.0,0.0,0.0,0.0,0.0,0.0,0.0,0,0.0,0.0,0.0,0,0,0.0,0.0,0.0,0.0,0.0,0.0,0.0,0.0,0.0,kg,,,,,,,,,,,,,,,,,,,,,,
2024-05-03,210.0,0.0,0.0,0.0,0.0,0.0,0.0,0.0,0,0.0,0.0,0.0,0,0,0.0,0.0,0.0,0.0,0.0,0.0,0.0,0.0,0.0,kg,,,,,,,,,,,,,,,,,,,,,,
2024-05-05,0.0,320.0,375.0,100.0,130.0,30.0,32.0,30.0,5600,110.0,120.0,100.0,1600,350,16.0,50.0,65.0,35.0,3.0,50.0,25.0,3.0,6.0,,kg,kg,L,kg,kg,kg,kg,,kg,kg,kg,,,L,kg,kg,kg,kg,L,L,L,L
2024-05-06,205.0,0.0,0.0,0.0,0.0,0.0,0.0,0.0,0,0.0,0.0,0.0,0,0,0.0,0.0,0.0,0.0,0.0,0.0,0.0,0.0,0.0,kg,,,,,,,,,,,,,,,,,,,,,,
2024-05-09,210.0,0.0,0.0,0.0,0.0,0.0,0.0,0.0,0,0.0,0.0,0.0,0,0,0.0,0.0,0.0,0.0,0.0,0.0,0.0,0.0,0.0,kg,,,,,,,,,,,,,,,,,,,,,,
2024-05-12,205.0,360.0,390.0,80.0,150.0,40.0,30.0,28.0,5500,0.0,0.0,0.0,1450,0,0.0,40.0,60.0,30.0,1.0,0.0,0.0,0.0,0.0,kg,kg,kg,L,kg,kg,kg,kg,,,,,,,,kg,kg,kg,kg,,,,
2024-05-15,200.0,0.0,0.0,0.0,0.0,0.0,0.0,0.0,0,0.0,0.0,0.0,0,0,0.0,0.0,0.0,0.0,0.0,0.0,0.0,0.0,0.0,kg,,,,,,,,,,,,,,,,,,,,,,
2024-05-18,210.0,0.0,0.0,0.0,0.0,0.0,0.0,0.0,0,0.0,0.0,0.0,0,0,0.0,0.0,0.0,0.0,0.0,0.0,0.0,0.0,0.0,kg,,,,,,,,,,,,,,,,,,,,,,
2024-05-19,0.0,320.0,340.0,70.0,120.0,25.0,28.0,28.0,5500,0.0,0.0,0.0,1450,0,0.0,45.0,70.0,40.0,2.0,0.0,0.0,0.0,0.0,,kg,kg,L,kg,kg,kg,kg,,,,,,,,kg,kg,kg,kg,,,,
2024-05-21,150.0,0.0,0.0,0.0,0.0,0.0,0.0,0.0,0,0.0,0.0,0.0,0,0,0.0,0.0,0.0,0.0,0.0,0.0,0.0,0.0,0.0,kg,,,,,,,,,,,,,,,,,,,,,,
2024-05-24,130.0,0.0,0.0,0.0,0.0,0.0,0.0,0.0,0,0.0,0.0,0.0,0,0,0.0,0.0,0.0,0.0,0.0,0.0,0.0,0.0,0.0,kg,,,,,,,,,,,,,,,,,,,,,,
2024-05-26,0.0,300.0,410.0,90.0,150.0,30.0,32.0,30.0,5700,0.0,0.0,0.0,1550,0,0.0,50.0,77.0,45.0,3.0,0.0,0.0,0.0,0.0,,kg,kg,L,kg,kg,kg,kg,,,,,,,,kg,kg,kg,kg,,,,
2024-05-27,205.0,0.0,0.0,0.0,0.0,0.0,0.0,0.0,0,0.0,0.0,0.0,0,0,0.0,0.0,0.0,0.0,0.0,0.0,0.0,0.0,0.0,kg,,,,,,,,,,,,,,,,,,,,,,
2024-05-30,215.0,0.0,0.0,0.0,0.0,0.0,0.0,0.0,0,0.0,0.0,0.0,0,0,0.0,0.0,0.0,0.0,0.0,0.0,0.0,0.0,0.0,kg,,,,,,,,,,,,,,,,,,,,,,
2024-06-02,0.0,360.0,370.0,100.0,160.0,30.0,32.0,30.0,5700,120.0,115.0,130.0,1550,280,20.0,50.0,75.0,40.0,2.0,60.0,30.0,1.0,5.0,,kg,kg,L,kg,kg,kg,kg,,kg,kg,kg,,,L,kg,kg,kg,kg,L,L,L,L
2024-06-03,200.0,0.0,0.0,0.0,0.0,0.0,0.0,0.0,0,0.0,0.0,0.0,0,0,0.0,0.0,0.0,0.0,0.0,0.0,0.0,0.0,0.0,kg,,,,,,,,,,,,,,,,,,,,,,
2024-06-06,220.0,0.0,0.0,0.0,0.0,0.0,0.0,0.0,0,0.0,0.0,0.0,0,0,0.0,0.0,0.0,0.0,0.0,0.0,0.0,0.0,0.0,kg,,,,,,,,,,,,,,,,,,,,,,
2024-06-09,207.0,350.0,380.0,80.0,180.0,40.0,40.0,35.0,5800,0.0,0.0,0.0,1600,0,0.0,55.0,77.0,40.0,2.0,0.0,0.0,0.0,0.0,kg,kg,kg,L,kg,kg,kg,kg,,,,,,,,kg,kg,kg,kg,,,,
2024-06-12,205.0,0.0,0.0,0.0,0.0,0.0,0.0,0.0,0,0.0,0.0,0.0,0,0,0.0,0.0,0.0,0.0,0.0,0.0,0.0,0.0,0.0,kg,,,,,,,,,,,,,,,,,,,,,,
2024-06-15,190.0,0.0,0.0,0.0,0.0,0.0,0.0,0.0,0,0.0,0.0,0.0,0,0,0.0,0.0,0.0,0.0,0.0,0.0,0.0,0.0,0.0,kg,,,,,,,,,,,,,,,,,,,,,,
2024-06-16,0.0,300.0,375.0,80.0,150.0,30.0,35.0,30.0,5500,0.0,0.0,0.0,1500,0,0.0,45.0,70.0,40.0,1.0,0.0,0.0,0.0,0.0,,kg,kg,L,kg,kg,kg,kg,,,,,,,,kg,kg,kg,kg,,,,
2024-06-18,215.0,0.0,0.0,0.0,0.0,0.0,0.0,0.0,0,0.0,0.0,0.0,0,0,0.0,0.0,0.0,0.0,0.0,0.0,0.0,0.0,0.0,kg,,,,,,,,,,,,,,,,,,,,,,
2024-06-21,140.0,0.0,0.0,0.0,0.0,0.0,0.0,0.0,0,0.0,0.0,0.0,0,0,0.0,0.0,0.0,0.0,0.0,0.0,0.0,0.0,0.0,kg,,,,,,,,,,,,,,,,,,,,,,
2024-06-23,0.0,375.0,390.0,110.0,200.0,45.0,45.0,38.0,5800,0.0,0.0,0.0,1600,0,0.0,60.0,80.0,45.0,3.0,0.0,0.0,0.0,0.0,,kg,kg,L,kg,kg,kg,kg,,,,,,,,kg,kg,kg,kg,,,,
2024-06-24,213.0,0.0,0.0,0.0,0.0,0.0,0.0,0.0,0,0.0,0.0,0.0,0,0,0.0,0.0,0.0,0.0,0.0,0.0,0.0,0.0,0.0,kg,,,,,,,,,,,,,,,,,,,,,,
2024-06-27,210.0,0.0,0.0,0.0,0.0,0.0,0.0,0.0,0,0.0,0.0,0.0,0,0,0.0,0.0,0.0,0.0,0.0,0.0,0.0,0.0,0.0,kg,,,,,,,,,,,,,,,,,,,,,,
2024-06-30,200.0,320.0,395.0,90.0,130.0,30.0,40.0,35.0,5700,0.0,0.0,0.0,1450,0,0.0,50.0,75.0,40.0,2.0,0.0,0.0,0.0,0.0,kg,kg,kg,L,kg,kg,kg,kg,,,,,,,,kg,kg,kg,kg,,,,
2024-07-03,210.0,0.0,0.0,0.0,0.0,0.0,0.0,0.0,0,0.0,0.0,0.0,0,0,0.0,0.0,0.0,0.0,0.0,0.0,0.0,0.0,0.0,kg,,,,,,,,,,,,,,,,,,,,,,
2024-07-06,220.0,0.0,0.0,0.0,0.0,0.0,0.0,0.0,0,0.0,0.0,0.0,0,0,0.0,0.0,0.0,0.0,0.0,0.0,0.0,0.0,0.0,kg,,,,,,,,,,,,,,,,,,,,,,
2024-07-07,0.0,350.0,360.0,100.0,150.0,40.0,42.0,35.0,5700,100.0,125.0,105.0,1450,300,20.0,50.0,75.0,35.0,2.0,50.0,30.0,1.0,3.0,,kg,kg,L,kg,kg,kg,kg,,kg,kg,kg,,,L,kg,kg,kg,kg,L,L,L,L
2024-07-09,205.0,0.0,0.0,0.0,0.0,0.0,0.0,0.0,0,0.0,0.0,0.0,0,0,0.0,0.0,0.0,0.0,0.0,0.0,0.0,0.0,0.0,kg,,,,,,,,,,,,,,,,,,,,,,
2024-07-12,215.0,0.0,0.0,0.0,0.0,0.0,0.0,0.0,0,0.0,0.0,0.0,0,0,0.0,0.0,0.0,0.0,0.0,0.0,0.0,0.0,0.0,kg,,,,,,,,,,,,,,,,,,,,,,
2024-07-14,0.0,300.0,365.0,100.0,150.0,40.0,42.0,35.0,5600,0.0,0.0,0.0,1400,0,0.0,45.0,65.0,30.0,1.0,0.0,0.0,0.0,0.0,,kg,kg,L,kg,kg,kg,kg,,,,,,,,kg,kg,kg,kg,,,,
2024-07-15,195.0,0.0,0.0,0.0,0.0,0.0,0.0,0.0,0,0.0,0.0,0.0,0,0,0.0,0.0,0.0,0.0,0.0,0.0,0.0,0.0,0.0,kg,,,,,,,,,,,,,,,,,,,,,,
2024-07-18,160.0,0.0,0.0,0.0,0.0,0.0,0.0,0.0,0,0.0,0.0,0.0,0,0,0.0,0.0,0.0,0.0,0.0,0.0,0.0,0.0,0.0,kg,,,,,,,,,,,,,,,,,,,,,,
2024-07-21,200.0,380.0,385.0,120.0,180.0,50.0,45.0,40.0,6000,0.0,0.0,0.0,1700,0,0.0,60.0,80.0,40.0,4.0,0.0,0.0,0.0,0.0,kg,kg,kg,L,kg,kg,kg,kg,,,,,,,,kg,kg,kg,kg,,,,
2024-07-24,220.0,0.0,0.0,0.0,0.0,0.0,0.0,0.0,0,0.0,0.0,0.0,0,0,0.0,0.0,0.0,0.0,0.0,0.0,0.0,0.0,0.0,kg,,,,,,,,,,,,,,,,,,,,,,
2024-07-27,220.0,0.0,0.0,0.0,0.0,0.0,0.0,0.0,0,0.0,0.0,0.0,0,0,0.0,0.0,0.0,0.0,0.0,0.0,0.0,0.0,0.0,kg,,,,,,,,,,,,,,,,,,,,,,
2024-07-28,0.0,340.0,370.0,80.0,160.0,45.0,40.0,38.0,5800,0.0,0.0,0.0,1650,0,0.0,50.0,77.0,35.0,2.0,0.0,0.0,0.0,0.0,,kg,kg,L,kg,kg,kg,kg,,,,,,,,kg,kg,kg,kg,,,,
2024-07-30,200.0,0.0,0.0,0.0,0.0,0.0,0.0,0.0,0,0.0,0.0,0.0,0,0,0.0,0.0,0.0,0.0,0.0,0.0,0.0,0.0,0.0,kg,,,,,,,,,,,,,,,,,,,,,,
2024-08-02,215.0,0.0,0.0,0.0,0.0,0.0,0.0,0.0,0,0.0,0.0,0.0,0,0,0.0,0.0,0.0,0.0,0.0,0.0,0.0,0.0,0.0,kg,,,,,,,,,,,,,,,,,,,,,,
2024-08-04,0.0,355.0,370.0,80.0,160.0,45.0,38.0,35.0,5700,95.0,110.0,100.0,1600,310,16.0,45.0,75.0,30.0,1.0,60.0,16.0,2.0,6.0,,kg,kg,L,kg,kg,kg,kg,,kg,kg,kg,,,L,kg,kg,kg,kg,L,L,L,L
2024-08-05,200.0,0.0,0.0,0.0,0.0,0.0,0.0,0.0,0,0.0,0.0,0.0,0,0,0.0,0.0,0.0,0.0,0.0,0.0,0.0,0.0,0.0,kg,,,,,,,,,,,,,,,,,,,,,,
2024-08-08,215.0,0.0,0.0,0.0,0.0,0.0,0.0,0.0,0,0.0,0.0,0.0,0,0,0.0,0.0,0.0,0.0,0.0,0.0,0.0,0.0,0.0,kg,,,,,,,,,,,,,,,,,,,,,,
2024-08-11,205.0,350.0,380.0,100.0,130.0,30.0,30.0,32.0,5500,0.0,0.0,0.0,1550,0,0.0,40.0,70.0,30.0,1.0,0.0,0.0,0.0,0.0,kg,kg,kg,L,kg,kg,kg,kg,,,,,,,,kg,kg,kg,kg,,,,
2024-08-14,200.0,0.0,0.0,0.0,0.0,0.0,0.0,0.0,0,0.0,0.0,0.0,0,0,0.0,0.0,0.0,0.0,0.0,0.0,0.0,0.0,0.0,kg,,,,,,,,,,,,,,,,,,,,,,
2024-08-17,150.0,0.0,0.0,0.0,0.0,0.0,0.0,0.0,0,0.0,0.0,0.0,0,0,0.0,0.0,0.0,0.0,0.0,0.0,0.0,0.0,0.0,kg,,,,,,,,,,,,,,,,,,,,,,
2024-08-18,0.0,300.0,375.0,110.0,170.0,35.0,35.0,32.0,5500,0.0,0.0,0.0,1550,0,0.0,45.0,75.0,40.0,2.0,0.0,0.0,0.0,0.0,,kg,kg,L,kg,kg,kg,kg,,,,,,,,kg,kg,kg,kg,,,,
2024-08-20,210.0,0.0,0.0,0.0,0.0,0.0,0.0,0.0,0,0.0,0.0,0.0,0,0,0.0,0.0,0.0,0.0,0.0,0.0,0.0,0.0,0.0,kg,,,,,,,,,,,,,,,,,,,,,,
2024-08-23,200.0,0.0,0.0,0.0,0.0,0.0,0.0,0.0,0,0.0,0.0,0.0,0,0,0.0,0.0,0.0,0.0,0.0,0.0,0.0,0.0,0.0,kg,,,,,,,,,,,,,,,,,,,,,,
2024-08-25,0.0,360.0,390.0,100.0,150.0,25.0,30.0,32.0,5800,0.0,0.0,0.0,1600,0,0.0,55.0,85.0,50.0,3.0,0.0,0.0,0.0,0.0,,kg,kg,L,kg,kg,kg,kg,,,,,,,,kg,kg,kg,kg,,,,
2024-08-26,220.0,0.0,0.0,0.0,0.0,0.0,0.0,0.0,0,0.0,0.0,0.0,0,0,0.0,0.0,0.0,0.0,0.0,0.0,0.0,0.0,0.0,kg,,,,,,,,,,,,,,,,,,,,,,
2024-08-29,230.0,0.0,0.0,0.0,0.0,0.0,0.0,0.0,0,0.0,0.0,0.0,0,0,0.0,0.0,0.0,0.0,0.0,0.0,0.0,0.0,0.0,kg,,,,,,,,,,,,,,,,,,,,,,
2024-09-01,200.0,325.0,400.0,90.0,140.0,25.0,30.0,28.0,5500,115.0,130.0,120.0,1450,290,25.0,40.0,65.0,45.0,2.0,70.0,20.0,2.0,5.0,kg,kg,kg,L,kg,kg,kg,kg,,kg,kg,kg,,,L,kg,kg,kg,kg,L,L,L,L
2024-09-04,210.0,0.0,0.0,0.0,0.0,0.0,0.0,0.0,0,0.0,0.0,0.0,0,0,0.0,0.0,0.0,0.0,0.0,0.0,0.0,0.0,0.0,kg,,,,,,,,,,,,,,,,,,,,,,
2024-09-07,210.0,0.0,0.0,0.0,0.0,0.0,0.0,0.0,0,0.0,0.0,0.0,0,0,0.0,0.0,0.0,0.0,0.0,0.0,0.0,0.0,0.0,kg,,,,,,,,,,,,,,,,,,,,,,
2024-09-08,0.0,340.0,380.0,100.0,150.0,35.0,35.0,30.0,5700,0.0,0.0,0.0,1500,0,0.0,45.0,70.0,25.0,2.0,0.0,0.0,0.0,0.0,,kg,kg,L,kg,kg,kg,kg,,,,,,,,kg,kg,kg,kg,,,,
2024-09-10,200.0,0.0,0.0,0.0,0.0,0.0,0.0,0.0,0,0.0,0.0,0.0,0,0,0.0,0.0,0.0,0.0,0.0,0.0,0.0,0.0,0.0,kg,,,,,,,,,,,,,,,,,,,,,,
2024-09-13,205.0,0.0,0.0,0.0,0.0,0.0,0.0,0.0,0,0.0,0.0,0.0,0,0,0.0,0.0,0.0,0.0,0.0,0.0,0.0,0.0,0.0,kg,,,,,,,,,,,,,,,,,,,,,,
2024-09-15,0.0,330.0,375.0,100.0,130.0,30.0,35.0,32.0,5800,0.0,0.0,0.0,1600,0,0.0,50.0,75.0,25.0,1.0,0.0,0.0,0.0,0.0,,kg,kg,L,kg,kg,kg,kg,,,,,,,,kg,kg,kg,kg,,,,
2024-09-16,140.0,0.0,0.0,0.0,0.0,0.0,0.0,0.0,0,0.0,0.0,0.0,0,0,0.0,0.0,0.0,0.0,0.0,0.0,0.0,0.0,0.0,kg,,,,,,,,,,,,,,,,,,,,,,
2024-09-19,210.0,0.0,0.0,0.0,0.0,0.0,0.0,0.0,0,0.0,0.0,0.0,0,0,0.0,0.0,0.0,0.0,0.0,0.0,0.0,0.0,0.0,kg,,,,,,,,,,,,,,,,,,,,,,
2024-09-22,150.0,380.0,415.0,120.0,180.0,45.0,40.0,35.0,6000,0.0,0.0,0.0,1700,0,0.0,50.0,77.0,40.0,3.0,0.0,0.0,0.0,0.0,kg,kg,kg,L,kg,kg,kg,kg,,,,,,,,kg,kg,kg,kg,,,,
2024-09-25,240.0,0.0,0.0,0.0,0.0,0.0,0.0,0.0,0,0.0,0.0,0.0,0,0,0.0,0.0,0.0,0.0,0.0,0.0,0.0,0.0,0.0,kg,,,,,,,,,,,,,,,,,,,,,,
2024-09-28,210.0,0.0,0.0,0.0,0.0,0.0,0.0,0.0,0,0.0,0.0,0.0,0,0,0.0,0.0,0.0,0.0,0.0,0.0,0.0,0.0,0.0,kg,,,,,,,,,,,,,,,,,,,,,,
2024-09-29,0.0,310.0,385.0,80.0,150.0,40.0,45.0,40.0,6100,0.0,0.0,0.0,1750,0,0.0,60.0,85.0,40.0,2.0,0.0,0.0,0.0,0.0,,kg,kg,L,kg,kg,kg,kg,,,,,,,,kg,kg,kg,kg,,,,
2024-10-01,190.0,0.0,0.0,0.0,0.0,0.0,0.0,0.0,0,0.0,0.0,0.0,0,0,0.0,0.0,0.0,0.0,0.0,0.0,0.0,0.0,0.0,kg,,,,,,,,,,,,,,,,,,,,,,
2024-10-04,215.0,0.0,0.0,0.0,0.0,0.0,0.0,0.0,0,0.0,0.0,0.0,0,0,0.0,0.0,0.0,0.0,0.0,0.0,0.0,0.0,0.0,kg,,,,,,,,,,,,,,,,,,,,,,
2024-10-06,0.0,345.0,390.0,100.0,150.0,30.0,32.0,28.0,5600,105.0,125.0,120.0,1600,300,20.0,55.0,80.0,35.0,2.0,50.0,20.0,1.0,5.0,,kg,kg,L,kg,kg,kg,kg,,kg,kg,kg,,,L,kg,kg,kg,kg,L,L,L,L
2024-10-07,200.0,0.0,0.0,0.0,0.0,0.0,0.0,0.0,0,0.0,0.0,0.0,0,0,0.0,0.0,0.0,0.0,0.0,0.0,0.0,0.0,0.0,kg,,,,,,,,,,,,,,,,,,,,,,
2024-10-10,210.0,0.0,0.0,0.0,0.0,0.0,0.0,0.0,0,0.0,0.0,0.0,0,0,0.0,0.0,0.0,0.0,0.0,0.0,0.0,0.0,0.0,kg,,,,,,,,,,,,,,,,,,,,,,
2024-10-13,190.0,330.0,385.0,110.0,130.0,30.0,32.0,28.0,5600,0.0,0.0,0.0,1600,0,0.0,55.0,75.0,30.0,1.0,0.0,0.0,0.0,0.0,kg,kg,kg,L,kg,kg,kg,kg,,,,,,,,kg,kg,kg,kg,,,,
2024-10-16,150.0,0.0,0.0,0.0,0.0,0.0,0.0,0.0,0,0.0,0.0,0.0,0,0,0.0,0.0,0.0,0.0,0.0,0.0,0.0,0.0,0.0,kg,,,,,,,,,,,,,,,,,,,,,,
2024-10-19,230.0,0.0,0.0,0.0,0.0,0.0,0.0,0.0,0,0.0,0.0,0.0,0,0,0.0,0.0,0.0,0.0,0.0,0.0,0.0,0.0,0.0,kg,,,,,,,,,,,,,,,,,,,,,,
2024-10-20,0.0,390.0,385.0,90.0,190.0,50.0,45.0,40.0,5900,0.0,0.0,0.0,1750,0,0.0,65.0,80.0,45.0,4.0,0.0,0.0,0.0,0.0,,kg,kg,L,kg,kg,kg,kg,,,,,,,,kg,kg,kg,kg,,,,
2024-10-22,200.0,0.0,0.0,0.0,0.0,0.0,0.0,0.0,0,0.0,0.0,0.0,0,0,0.0,0.0,0.0,0.0,0.0,0.0,0.0,0.0,0.0,kg,,,,,,,,,,,,,,,,,,,,,,
2024-10-25,250.0,0.0,0.0,0.0,0.0,0.0,0.0,0.0,0,0.0,0.0,0.0,0,0,0.0,0.0,0.0,0.0,0.0,0.0,0.0,0.0,0.0,kg,,,,,,,,,,,,,,,,,,,,,,
2024-10-27,0.0,360.0,370.0,100.0,150.0,30.0,32.0,30.0,5800,0.0,0.0,0.0,1650,0,0.0,60.0,70.0,40.0,1.0,0.0,0.0,0.0,0.0,,kg,kg,L,kg,kg,kg,kg,,,,,,,,kg,kg,kg,kg,,,,
2024-10-28,210.0,0.0,0.0,0.0,0.0,0.0,0.0,0.0,0,0.0,0.0,0.0,0,0,0.0,0.0,0.0,0.0,0.0,0.0,0.0,0.0,0.0,kg,,,,,,,,,,,,,,,,,,,,,,
